{"cameraMode":{"drawMode":0,"name":"Shaded","section":"Shading Mode"},"sceneLighting":true,"audioPlay":false,"sceneViewState":{"m_AlwaysRefresh":false,"showFog":true,"showSkybox":true,"showFlares":true,"showImageEffects":true,"showParticleSystems":true,"showVisualEffectGraphs":true,"m_FxEnabled":true},"in2DMode":false,"pivot":{"x":-0.20805442333221436,"y":2.364201545715332,"z":1.7182061672210694},"rotation":{"x":0.14000187814235688,"y":0.08602812141180039,"z":-0.012210973538458348,"w":0.9863326549530029},"size":0.26533713936805727,"orthographic":false}