{"cameraMode":{"drawMode":0,"name":"Shaded","section":"Shading Mode"},"sceneLighting":true,"audioPlay":false,"sceneViewState":{"m_AlwaysRefresh":false,"showFog":true,"showSkybox":false,"showFlares":true,"showImageEffects":true,"showParticleSystems":true,"showVisualEffectGraphs":true,"m_FxEnabled":true},"in2DMode":false,"pivot":{"x":-0.3054656982421875,"y":9.398659706115723,"z":28.878429412841798},"rotation":{"x":-0.00918542593717575,"y":0.9897096753120422,"z":-0.12175857275724411,"w":-0.07466529309749603},"size":56.27475357055664,"orthographic":false}